job_role,question_id,question
Software Developer,1,Describe a project where you used an object-oriented programming language.
Software Developer,2,How do you ensure code quality and maintainability?
Software Developer,3,Explain the concept of polymorphism in programming.
Software Developer,4,What is the difference between a stack and a queue?
Software Developer,5,How do you approach debugging a complex application?
Software Developer,6,Explain the SOLID principles in software development.
Software Developer,7,Describe the process you use to test your code.
Software Developer,8,What is your experience with version control systems like Git?
Software Developer,9,Explain how garbage collection works in a programming language you know.
Software Developer,10,How do you manage and optimize memory usage in your applications?
Software Developer,11,"What are RESTful services, and how have you used them?"
Software Developer,12,Describe a situation where you had to refactor code.
Software Developer,13,What are some common security vulnerabilities in software development?
Software Developer,14,How do you handle tight deadlines while maintaining code quality?
Software Developer,15,What is the purpose of unit testing in software development?
Software Developer,16,Describe a challenge you faced in software development and how you resolved it.
Software Developer,17,"What are design patterns, and which ones have you used?"
Software Developer,18,Explain the difference between synchronous and asynchronous programming.
Software Developer,19,How would you optimize a slow-performing application?
Software Developer,20,Describe your experience with front-end and back-end development.
Data Scientist,21,Explain the difference between supervised and unsupervised learning.
Data Scientist,22,Describe a data science project you have worked on from start to finish.
Data Scientist,23,How do you handle missing data in a dataset?
Data Scientist,24,"What is overfitting, and how can it be prevented?"
Data Scientist,25,Explain the concept of a confusion matrix.
Data Scientist,26,Describe your experience with Python and R for data analysis.
Data Scientist,27,"What is feature selection, and why is it important?"
Data Scientist,28,How do you evaluate the performance of a machine learning model?
Data Scientist,29,Explain the difference between precision and recall.
Data Scientist,30,What is your approach to data cleaning?
Data Scientist,31,Describe a situation where you had to present complex data to a non-technical audience.
Data Scientist,32,Explain the purpose of A/B testing in data science.
Data Scientist,33,What is the difference between a parameter and a hyperparameter?
Data Scientist,34,How do you handle imbalanced datasets?
Data Scientist,35,"What is cross-validation, and why is it used?"
Data Scientist,36,Describe a time when your data analysis led to a key business decision.
Data Scientist,37,Explain the k-means clustering algorithm.
Data Scientist,38,What is your experience with SQL for data extraction?
Data Scientist,39,How do you stay updated with new developments in data science?
Data Scientist,40,Describe a challenging dataset you worked with and how you handled it.
Project Manager,41,Explain your experience with relevant software/tools.
Project Manager,42,Describe a challenging project you've worked on.
Project Manager,43,How do you troubleshoot technical issues?
Project Manager,44,Explain a recent technical problem you solved.
Project Manager,45,What technologies are you proficient in?
Project Manager,46,How do you stay updated on industry trends?
Project Manager,47,Walk me through your development process.
Project Manager,48,How do you handle performance issues?
Project Manager,49,What security measures do you implement?
Project Manager,50,Describe a time you optimized a process.
Project Manager,51,How do you handle conflict in a team?
Project Manager,52,Describe your communication style.
Project Manager,53,How do you manage stress?
Project Manager,54,Give an example of a time you showed leadership.
Project Manager,55,How do you handle feedback?
Project Manager,56,Describe a time you worked in a team.
Project Manager,57,What motivates you in your role?
Project Manager,58,How do you prioritize tasks?
Project Manager,59,Describe your approach to time management.
Project Manager,60,How do you balance work and personal life?
Product Manager,61,Explain your experience with relevant software/tools.
Product Manager,62,Describe a challenging project you've worked on.
Product Manager,63,How do you troubleshoot technical issues?
Product Manager,64,Explain a recent technical problem you solved.
Product Manager,65,What technologies are you proficient in?
Product Manager,66,How do you stay updated on industry trends?
Product Manager,67,Walk me through your development process.
Product Manager,68,How do you handle performance issues?
Product Manager,69,What security measures do you implement?
Product Manager,70,Describe a time you optimized a process.
Product Manager,71,How do you handle conflict in a team?
Product Manager,72,Describe your communication style.
Product Manager,73,How do you manage stress?
Product Manager,74,Give an example of a time you showed leadership.
Product Manager,75,How do you handle feedback?
Product Manager,76,Describe a time you worked in a team.
Product Manager,77,What motivates you in your role?
Product Manager,78,How do you prioritize tasks?
Product Manager,79,Describe your approach to time management.
Product Manager,80,How do you balance work and personal life?
Marketing Specialist,81,Explain your experience with relevant software/tools.
Marketing Specialist,82,Describe a challenging project you've worked on.
Marketing Specialist,83,How do you troubleshoot technical issues?
Marketing Specialist,84,Explain a recent technical problem you solved.
Marketing Specialist,85,What technologies are you proficient in?
Marketing Specialist,86,How do you stay updated on industry trends?
Marketing Specialist,87,Walk me through your development process.
Marketing Specialist,88,How do you handle performance issues?
Marketing Specialist,89,What security measures do you implement?
Marketing Specialist,90,Describe a time you optimized a process.
Marketing Specialist,91,How do you handle conflict in a team?
Marketing Specialist,92,Describe your communication style.
Marketing Specialist,93,How do you manage stress?
Marketing Specialist,94,Give an example of a time you showed leadership.
Marketing Specialist,95,How do you handle feedback?
Marketing Specialist,96,Describe a time you worked in a team.
Marketing Specialist,97,What motivates you in your role?
Marketing Specialist,98,How do you prioritize tasks?
Marketing Specialist,99,Describe your approach to time management.
Marketing Specialist,100,How do you balance work and personal life?
Business Analyst,101,Explain your experience with relevant software/tools.
Business Analyst,102,Describe a challenging project you've worked on.
Business Analyst,103,How do you troubleshoot technical issues?
Business Analyst,104,Explain a recent technical problem you solved.
Business Analyst,105,What technologies are you proficient in?
Business Analyst,106,How do you stay updated on industry trends?
Business Analyst,107,Walk me through your development process.
Business Analyst,108,How do you handle performance issues?
Business Analyst,109,What security measures do you implement?
Business Analyst,110,Describe a time you optimized a process.
Business Analyst,111,How do you handle conflict in a team?
Business Analyst,112,Describe your communication style.
Business Analyst,113,How do you manage stress?
Business Analyst,114,Give an example of a time you showed leadership.
Business Analyst,115,How do you handle feedback?
Business Analyst,116,Describe a time you worked in a team.
Business Analyst,117,What motivates you in your role?
Business Analyst,118,How do you prioritize tasks?
Business Analyst,119,Describe your approach to time management.
Business Analyst,120,How do you balance work and personal life?
Sales Manager,121,Explain your experience with relevant software/tools.
Sales Manager,122,Describe a challenging project you've worked on.
Sales Manager,123,How do you troubleshoot technical issues?
Sales Manager,124,Explain a recent technical problem you solved.
Sales Manager,125,What technologies are you proficient in?
Sales Manager,126,How do you stay updated on industry trends?
Sales Manager,127,Walk me through your development process.
Sales Manager,128,How do you handle performance issues?
Sales Manager,129,What security measures do you implement?
Sales Manager,130,Describe a time you optimized a process.
Sales Manager,131,How do you handle conflict in a team?
Sales Manager,132,Describe your communication style.
Sales Manager,133,How do you manage stress?
Sales Manager,134,Give an example of a time you showed leadership.
Sales Manager,135,How do you handle feedback?
Sales Manager,136,Describe a time you worked in a team.
Sales Manager,137,What motivates you in your role?
Sales Manager,138,How do you prioritize tasks?
Sales Manager,139,Describe your approach to time management.
Sales Manager,140,How do you balance work and personal life?
UX Designer,141,Explain your experience with relevant software/tools.
UX Designer,142,Describe a challenging project you've worked on.
UX Designer,143,How do you troubleshoot technical issues?
UX Designer,144,Explain a recent technical problem you solved.
UX Designer,145,What technologies are you proficient in?
UX Designer,146,How do you stay updated on industry trends?
UX Designer,147,Walk me through your development process.
UX Designer,148,How do you handle performance issues?
UX Designer,149,What security measures do you implement?
UX Designer,150,Describe a time you optimized a process.
UX Designer,151,How do you handle conflict in a team?
UX Designer,152,Describe your communication style.
UX Designer,153,How do you manage stress?
UX Designer,154,Give an example of a time you showed leadership.
UX Designer,155,How do you handle feedback?
UX Designer,156,Describe a time you worked in a team.
UX Designer,157,What motivates you in your role?
UX Designer,158,How do you prioritize tasks?
UX Designer,159,Describe your approach to time management.
UX Designer,160,How do you balance work and personal life?
Customer Support,161,Explain your experience with relevant software/tools.
Customer Support,162,Describe a challenging project you've worked on.
Customer Support,163,How do you troubleshoot technical issues?
Customer Support,164,Explain a recent technical problem you solved.
Customer Support,165,What technologies are you proficient in?
Customer Support,166,How do you stay updated on industry trends?
Customer Support,167,Walk me through your development process.
Customer Support,168,How do you handle performance issues?
Customer Support,169,What security measures do you implement?
Customer Support,170,Describe a time you optimized a process.
Customer Support,171,How do you handle conflict in a team?
Customer Support,172,Describe your communication style.
Customer Support,173,How do you manage stress?
Customer Support,174,Give an example of a time you showed leadership.
Customer Support,175,How do you handle feedback?
Customer Support,176,Describe a time you worked in a team.
Customer Support,177,What motivates you in your role?
Customer Support,178,How do you prioritize tasks?
Customer Support,179,Describe your approach to time management.
Customer Support,180,How do you balance work and personal life?
Quality Assurance,181,Explain your experience with relevant software/tools.
Quality Assurance,182,Describe a challenging project you've worked on.
Quality Assurance,183,How do you troubleshoot technical issues?
Quality Assurance,184,Explain a recent technical problem you solved.
Quality Assurance,185,What technologies are you proficient in?
Quality Assurance,186,How do you stay updated on industry trends?
Quality Assurance,187,Walk me through your development process.
Quality Assurance,188,How do you handle performance issues?
Quality Assurance,189,What security measures do you implement?
Quality Assurance,190,Describe a time you optimized a process.
Quality Assurance,191,How do you handle conflict in a team?
Quality Assurance,192,Describe your communication style.
Quality Assurance,193,How do you manage stress?
Quality Assurance,194,Give an example of a time you showed leadership.
Quality Assurance,195,How do you handle feedback?
Quality Assurance,196,Describe a time you worked in a team.
Quality Assurance,197,What motivates you in your role?
Quality Assurance,198,How do you prioritize tasks?
Quality Assurance,199,Describe your approach to time management.
Quality Assurance,200,How do you balance work and personal life?
Data Engineer,201,Explain your experience with relevant software/tools.
Data Engineer,202,Describe a challenging project you've worked on.
Data Engineer,203,How do you troubleshoot technical issues?
Data Engineer,204,Explain a recent technical problem you solved.
Data Engineer,205,What technologies are you proficient in?
Data Engineer,206,How do you stay updated on industry trends?
Data Engineer,207,Walk me through your development process.
Data Engineer,208,How do you handle performance issues?
Data Engineer,209,What security measures do you implement?
Data Engineer,210,Describe a time you optimized a process.
Data Engineer,211,How do you handle conflict in a team?
Data Engineer,212,Describe your communication style.
Data Engineer,213,How do you manage stress?
Data Engineer,214,Give an example of a time you showed leadership.
Data Engineer,215,How do you handle feedback?
Data Engineer,216,Describe a time you worked in a team.
Data Engineer,217,What motivates you in your role?
Data Engineer,218,How do you prioritize tasks?
Data Engineer,219,Describe your approach to time management.
Data Engineer,220,How do you balance work and personal life?
Cybersecurity Specialist,221,Explain your experience with relevant software/tools.
Cybersecurity Specialist,222,Describe a challenging project you've worked on.
Cybersecurity Specialist,223,How do you troubleshoot technical issues?
Cybersecurity Specialist,224,Explain a recent technical problem you solved.
Cybersecurity Specialist,225,What technologies are you proficient in?
Cybersecurity Specialist,226,How do you stay updated on industry trends?
Cybersecurity Specialist,227,Walk me through your development process.
Cybersecurity Specialist,228,How do you handle performance issues?
Cybersecurity Specialist,229,What security measures do you implement?
Cybersecurity Specialist,230,Describe a time you optimized a process.
Cybersecurity Specialist,231,How do you handle conflict in a team?
Cybersecurity Specialist,232,Describe your communication style.
Cybersecurity Specialist,233,How do you manage stress?
Cybersecurity Specialist,234,Give an example of a time you showed leadership.
Cybersecurity Specialist,235,How do you handle feedback?
Cybersecurity Specialist,236,Describe a time you worked in a team.
Cybersecurity Specialist,237,What motivates you in your role?
Cybersecurity Specialist,238,How do you prioritize tasks?
Cybersecurity Specialist,239,Describe your approach to time management.
Cybersecurity Specialist,240,How do you balance work and personal life?
Network Administrator,241,Explain your experience with relevant software/tools.
Network Administrator,242,Describe a challenging project you've worked on.
Network Administrator,243,How do you troubleshoot technical issues?
Network Administrator,244,Explain a recent technical problem you solved.
Network Administrator,245,What technologies are you proficient in?
Network Administrator,246,How do you stay updated on industry trends?
Network Administrator,247,Walk me through your development process.
Network Administrator,248,How do you handle performance issues?
Network Administrator,249,What security measures do you implement?
Network Administrator,250,Describe a time you optimized a process.
Network Administrator,251,How do you handle conflict in a team?
Network Administrator,252,Describe your communication style.
Network Administrator,253,How do you manage stress?
Network Administrator,254,Give an example of a time you showed leadership.
Network Administrator,255,How do you handle feedback?
Network Administrator,256,Describe a time you worked in a team.
Network Administrator,257,What motivates you in your role?
Network Administrator,258,How do you prioritize tasks?
Network Administrator,259,Describe your approach to time management.
Network Administrator,260,How do you balance work and personal life?
Technical Writer,261,Explain your experience with relevant software/tools.
Technical Writer,262,Describe a challenging project you've worked on.
Technical Writer,263,How do you troubleshoot technical issues?
Technical Writer,264,Explain a recent technical problem you solved.
Technical Writer,265,What technologies are you proficient in?
Technical Writer,266,How do you stay updated on industry trends?
Technical Writer,267,Walk me through your development process.
Technical Writer,268,How do you handle performance issues?
Technical Writer,269,What security measures do you implement?
Technical Writer,270,Describe a time you optimized a process.
Technical Writer,271,How do you handle conflict in a team?
Technical Writer,272,Describe your communication style.
Technical Writer,273,How do you manage stress?
Technical Writer,274,Give an example of a time you showed leadership.
Technical Writer,275,How do you handle feedback?
Technical Writer,276,Describe a time you worked in a team.
Technical Writer,277,What motivates you in your role?
Technical Writer,278,How do you prioritize tasks?
Technical Writer,279,Describe your approach to time management.
Technical Writer,280,How do you balance work and personal life?
Financial Analyst,281,Explain your experience with relevant software/tools.
Financial Analyst,282,Describe a challenging project you've worked on.
Financial Analyst,283,How do you troubleshoot technical issues?
Financial Analyst,284,Explain a recent technical problem you solved.
Financial Analyst,285,What technologies are you proficient in?
Financial Analyst,286,How do you stay updated on industry trends?
Financial Analyst,287,Walk me through your development process.
Financial Analyst,288,How do you handle performance issues?
Financial Analyst,289,What security measures do you implement?
Financial Analyst,290,Describe a time you optimized a process.
Financial Analyst,291,How do you handle conflict in a team?
Financial Analyst,292,Describe your communication style.
Financial Analyst,293,How do you manage stress?
Financial Analyst,294,Give an example of a time you showed leadership.
Financial Analyst,295,How do you handle feedback?
Financial Analyst,296,Describe a time you worked in a team.
Financial Analyst,297,What motivates you in your role?
Financial Analyst,298,How do you prioritize tasks?
Financial Analyst,299,Describe your approach to time management.
Financial Analyst,300,How do you balance work and personal life?
Consultant,301,Explain your experience with relevant software/tools.
Consultant,302,Describe a challenging project you've worked on.
Consultant,303,How do you troubleshoot technical issues?
Consultant,304,Explain a recent technical problem you solved.
Consultant,305,What technologies are you proficient in?
Consultant,306,How do you stay updated on industry trends?
Consultant,307,Walk me through your development process.
Consultant,308,How do you handle performance issues?
Consultant,309,What security measures do you implement?
Consultant,310,Describe a time you optimized a process.
Consultant,311,How do you handle conflict in a team?
Consultant,312,Describe your communication style.
Consultant,313,How do you manage stress?
Consultant,314,Give an example of a time you showed leadership.
Consultant,315,How do you handle feedback?
Consultant,316,Describe a time you worked in a team.
Consultant,317,What motivates you in your role?
Consultant,318,How do you prioritize tasks?
Consultant,319,Describe your approach to time management.
Consultant,320,How do you balance work and personal life?
HR Specialist,321,Explain your experience with relevant software/tools.
HR Specialist,322,Describe a challenging project you've worked on.
HR Specialist,323,How do you troubleshoot technical issues?
HR Specialist,324,Explain a recent technical problem you solved.
HR Specialist,325,What technologies are you proficient in?
HR Specialist,326,How do you stay updated on industry trends?
HR Specialist,327,Walk me through your development process.
HR Specialist,328,How do you handle performance issues?
HR Specialist,329,What security measures do you implement?
HR Specialist,330,Describe a time you optimized a process.
HR Specialist,331,How do you handle conflict in a team?
HR Specialist,332,Describe your communication style.
HR Specialist,333,How do you manage stress?
HR Specialist,334,Give an example of a time you showed leadership.
HR Specialist,335,How do you handle feedback?
HR Specialist,336,Describe a time you worked in a team.
HR Specialist,337,What motivates you in your role?
HR Specialist,338,How do you prioritize tasks?
HR Specialist,339,Describe your approach to time management.
HR Specialist,340,How do you balance work and personal life?
Operations Manager,341,Explain your experience with relevant software/tools.
Operations Manager,342,Describe a challenging project you've worked on.
Operations Manager,343,How do you troubleshoot technical issues?
Operations Manager,344,Explain a recent technical problem you solved.
Operations Manager,345,What technologies are you proficient in?
Operations Manager,346,How do you stay updated on industry trends?
Operations Manager,347,Walk me through your development process.
Operations Manager,348,How do you handle performance issues?
Operations Manager,349,What security measures do you implement?
Operations Manager,350,Describe a time you optimized a process.
Operations Manager,351,How do you handle conflict in a team?
Operations Manager,352,Describe your communication style.
Operations Manager,353,How do you manage stress?
Operations Manager,354,Give an example of a time you showed leadership.
Operations Manager,355,How do you handle feedback?
Operations Manager,356,Describe a time you worked in a team.
Operations Manager,357,What motivates you in your role?
Operations Manager,358,How do you prioritize tasks?
Operations Manager,359,Describe your approach to time management.
Operations Manager,360,How do you balance work and personal life?
Research Scientist,361,Explain your experience with relevant software/tools.
Research Scientist,362,Describe a challenging project you've worked on.
Research Scientist,363,How do you troubleshoot technical issues?
Research Scientist,364,Explain a recent technical problem you solved.
Research Scientist,365,What technologies are you proficient in?
Research Scientist,366,How do you stay updated on industry trends?
Research Scientist,367,Walk me through your development process.
Research Scientist,368,How do you handle performance issues?
Research Scientist,369,What security measures do you implement?
Research Scientist,370,Describe a time you optimized a process.
Research Scientist,371,How do you handle conflict in a team?
Research Scientist,372,Describe your communication style.
Research Scientist,373,How do you manage stress?
Research Scientist,374,Give an example of a time you showed leadership.
Research Scientist,375,How do you handle feedback?
Research Scientist,376,Describe a time you worked in a team.
Research Scientist,377,What motivates you in your role?
Research Scientist,378,How do you prioritize tasks?
Research Scientist,379,Describe your approach to time management.
Research Scientist,380,How do you balance work and personal life?
AI Engineer,381,Explain your experience with relevant software/tools.
AI Engineer,382,Describe a challenging project you've worked on.
AI Engineer,383,How do you troubleshoot technical issues?
AI Engineer,384,Explain a recent technical problem you solved.
AI Engineer,385,What technologies are you proficient in?
AI Engineer,386,How do you stay updated on industry trends?
AI Engineer,387,Walk me through your development process.
AI Engineer,388,How do you handle performance issues?
AI Engineer,389,What security measures do you implement?
AI Engineer,390,Describe a time you optimized a process.
AI Engineer,391,How do you handle conflict in a team?
AI Engineer,392,Describe your communication style.
AI Engineer,393,How do you manage stress?
AI Engineer,394,Give an example of a time you showed leadership.
AI Engineer,395,How do you handle feedback?
AI Engineer,396,Describe a time you worked in a team.
AI Engineer,397,What motivates you in your role?
AI Engineer,398,How do you prioritize tasks?
AI Engineer,399,Describe your approach to time management.
AI Engineer,400,How do you balance work and personal life?
